musica,artista,album,data_lancamento
my mind is a mountain,Deftones,private music,2025-08-22
locked club,Deftones,private music,2025-08-22
ecdysis,Deftones,private music,2025-08-22
infinite source,Deftones,private music,2025-08-22
souvenir,Deftones,private music,2025-08-22
cXz,Deftones,private music,2025-08-22
i think about you all the time,Deftones,private music,2025-08-22
milk of the madonna,Deftones,private music,2025-08-22
cut hands,Deftones,private music,2025-08-22
~metal dream,Deftones,private music,2025-08-22
departing the body,Deftones,private music,2025-08-22
Feiticeira,Deftones,White Pony (20th Anniversary Deluxe Edition),2020-12-11
Digital Bath,Deftones,White Pony (20th Anniversary Deluxe Edition),2020-12-11
Elite,Deftones,White Pony (20th Anniversary Deluxe Edition),2020-12-11
Rx Queen,Deftones,White Pony (20th Anniversary Deluxe Edition),2020-12-11
Street Carp,Deftones,White Pony (20th Anniversary Deluxe Edition),2020-12-11
Teenager,Deftones,White Pony (20th Anniversary Deluxe Edition),2020-12-11
Knife Prty,Deftones,White Pony (20th Anniversary Deluxe Edition),2020-12-11
Korea,Deftones,White Pony (20th Anniversary Deluxe Edition),2020-12-11
Passenger,Deftones,White Pony (20th Anniversary Deluxe Edition),2020-12-11
Change (In the House of Flies),Deftones,White Pony (20th Anniversary Deluxe Edition),2020-12-11
Pink Maggit,Deftones,White Pony (20th Anniversary Deluxe Edition),2020-12-11
Feiticeira - Clams Casino Remix,Deftones,White Pony (20th Anniversary Deluxe Edition),2020-12-11
Digital Bath - DJ Shadow Remix,Deftones,White Pony (20th Anniversary Deluxe Edition),2020-12-11
Elite - Blanck Mass Remix,Deftones,White Pony (20th Anniversary Deluxe Edition),2020-12-11
Rx Queen - Salva Remix,Deftones,White Pony (20th Anniversary Deluxe Edition),2020-12-11
Street Carp - Phantogram Remix,Deftones,White Pony (20th Anniversary Deluxe Edition),2020-12-11
Teenager - Robert Smith Remix,Deftones,White Pony (20th Anniversary Deluxe Edition),2020-12-11
Knife Prty - Purity Ring Remix,Deftones,White Pony (20th Anniversary Deluxe Edition),2020-12-11
Korea - Trevor Jackson Remix,Deftones,White Pony (20th Anniversary Deluxe Edition),2020-12-11
Passenger - Mike Shinoda Remix,Deftones,White Pony (20th Anniversary Deluxe Edition),2020-12-11
Change (In The House Of Flies) - Tourist Remix,Deftones,White Pony (20th Anniversary Deluxe Edition),2020-12-11
Pink Maggit - Squarepusher Remix,Deftones,White Pony (20th Anniversary Deluxe Edition),2020-12-11
Genesis,Deftones,Ohms,2020-09-25
Ceremony,Deftones,Ohms,2020-09-25
Urantia,Deftones,Ohms,2020-09-25
Error,Deftones,Ohms,2020-09-25
The Spell of Mathematics,Deftones,Ohms,2020-09-25
Pompeji,Deftones,Ohms,2020-09-25
This Link Is Dead,Deftones,Ohms,2020-09-25
Radiant City,Deftones,Ohms,2020-09-25
Headless,Deftones,Ohms,2020-09-25
Ohms,Deftones,Ohms,2020-09-25
Prayers / Triangles,Deftones,Gore,2016-04-08
Acid Hologram,Deftones,Gore,2016-04-08
Doomed User,Deftones,Gore,2016-04-08
Geometric Headdress,Deftones,Gore,2016-04-08
Hearts / Wires,Deftones,Gore,2016-04-08
Pittura Infamante,Deftones,Gore,2016-04-08
Xenon,Deftones,Gore,2016-04-08
(L)MIRL,Deftones,Gore,2016-04-08
Gore,Deftones,Gore,2016-04-08
Phantom Bride,Deftones,Gore,2016-04-08
Rubicon,Deftones,Gore,2016-04-08
Swerve City,Deftones,Koi No Yokan,2012-11-09
Romantic Dreams,Deftones,Koi No Yokan,2012-11-09
Leathers,Deftones,Koi No Yokan,2012-11-09
Poltergeist,Deftones,Koi No Yokan,2012-11-09
Entombed,Deftones,Koi No Yokan,2012-11-09
Graphic Nature,Deftones,Koi No Yokan,2012-11-09
Tempest,Deftones,Koi No Yokan,2012-11-09
Gauze,Deftones,Koi No Yokan,2012-11-09
Rosemary,Deftones,Koi No Yokan,2012-11-09
Goon Squad,Deftones,Koi No Yokan,2012-11-09
What Happened to You?,Deftones,Koi No Yokan,2012-11-09
JB2 RADIO,Travis Scott,JACKBOYS 2,2025-07-13
CHAMPAIN & VACAY,Travis Scott,JACKBOYS 2,2025-07-13
2000 EXCURSION,Travis Scott,JACKBOYS 2,2025-07-13
KICK OUT,Travis Scott,JACKBOYS 2,2025-07-13
DUMBO,Travis Scott,JACKBOYS 2,2025-07-13
MM3,Travis Scott,JACKBOYS 2,2025-07-13
VELOUR,Travis Scott,JACKBOYS 2,2025-07-13
CONTEST,Travis Scott,JACKBOYS 2,2025-07-13
ILMB,Travis Scott,JACKBOYS 2,2025-07-13
WHERE WAS YOU,Travis Scott,JACKBOYS 2,2025-07-13
NO COMMENTS,Travis Scott,JACKBOYS 2,2025-07-13
BEEP BEEP,Travis Scott,JACKBOYS 2,2025-07-13
PBT,Travis Scott,JACKBOYS 2,2025-07-13
SHYNE,Travis Scott,JACKBOYS 2,2025-07-13
OUTSIDE,Travis Scott,JACKBOYS 2,2025-07-13
CANT STOP,Travis Scott,JACKBOYS 2,2025-07-13
FLORIDA FLOW,Travis Scott,JACKBOYS 2,2025-07-13
HYAENA,Travis Scott,UTOPIA,2023-07-28
THANK GOD,Travis Scott,UTOPIA,2023-07-28
MODERN JAM (feat. Teezo Touchdown),Travis Scott,UTOPIA,2023-07-28
MY EYES,Travis Scott,UTOPIA,2023-07-28
GOD'S COUNTRY,Travis Scott,UTOPIA,2023-07-28
SIRENS,Travis Scott,UTOPIA,2023-07-28
MELTDOWN (feat. Drake),Travis Scott,UTOPIA,2023-07-28
FE!N (feat. Playboi Carti),Travis Scott,UTOPIA,2023-07-28
DELRESTO (ECHOES) (feat. Beyoncé),Travis Scott,UTOPIA,2023-07-28
I KNOW ?,Travis Scott,UTOPIA,2023-07-28
TOPIA TWINS (feat. Rob49 & 21 Savage),Travis Scott,UTOPIA,2023-07-28
CIRCUS MAXIMUS (feat. The Weeknd & Swae Lee),Travis Scott,UTOPIA,2023-07-28
PARASAIL (feat. Yung Lean & Dave Chappelle),Travis Scott,UTOPIA,2023-07-28
SKITZO (feat. Young Thug),Travis Scott,UTOPIA,2023-07-28
LOST FOREVER (feat. Westside Gunn),Travis Scott,UTOPIA,2023-07-28
LOOOVE (feat. Kid Cudi),Travis Scott,UTOPIA,2023-07-28
K-POP (feat. Bad Bunny & The Weeknd),Travis Scott,UTOPIA,2023-07-28
TELEKINESIS (feat. SZA & Future),Travis Scott,UTOPIA,2023-07-28
TIL FURTHER NOTICE (feat. James Blake & 21 Savage),Travis Scott,UTOPIA,2023-07-28
HIGHEST IN THE ROOM (feat. ROSALÍA & Lil Baby) - REMIX,Travis Scott,JACKBOYS,2019-12-27
JACKBOYS,Travis Scott,JACKBOYS,2019-12-27
GANG GANG,Travis Scott,JACKBOYS,2019-12-27
HAD ENOUGH (feat. Quavo & Offset),Travis Scott,JACKBOYS,2019-12-27
OUT WEST (feat. Young Thug),Travis Scott,JACKBOYS,2019-12-27
WHAT TO DO? (feat. Don Toliver),Travis Scott,JACKBOYS,2019-12-27
GATTI,Travis Scott,JACKBOYS,2019-12-27
STARGAZING,Travis Scott,ASTROWORLD,2018-08-03
CAROUSEL,Travis Scott,ASTROWORLD,2018-08-03
SICKO MODE,Travis Scott,ASTROWORLD,2018-08-03
R.I.P. SCREW,Travis Scott,ASTROWORLD,2018-08-03
STOP TRYING TO BE GOD,Travis Scott,ASTROWORLD,2018-08-03
NO BYSTANDERS,Travis Scott,ASTROWORLD,2018-08-03
SKELETONS,Travis Scott,ASTROWORLD,2018-08-03
WAKE UP,Travis Scott,ASTROWORLD,2018-08-03
5% TINT,Travis Scott,ASTROWORLD,2018-08-03
NC-17,Travis Scott,ASTROWORLD,2018-08-03
ASTROTHUNDER,Travis Scott,ASTROWORLD,2018-08-03
YOSEMITE,Travis Scott,ASTROWORLD,2018-08-03
CAN'T SAY,Travis Scott,ASTROWORLD,2018-08-03
WHO? WHAT!,Travis Scott,ASTROWORLD,2018-08-03
BUTTERFLY EFFECT,Travis Scott,ASTROWORLD,2018-08-03
HOUSTONFORNICATION,Travis Scott,ASTROWORLD,2018-08-03
COFFEE BEAN,Travis Scott,ASTROWORLD,2018-08-03
Modern Slavery,Travis Scott,"Huncho Jack, Jack Huncho",2017-12-21
Black & Chinese,Travis Scott,"Huncho Jack, Jack Huncho",2017-12-21
Eye 2 Eye,Travis Scott,"Huncho Jack, Jack Huncho",2017-12-21
Motorcycle Patches,Travis Scott,"Huncho Jack, Jack Huncho",2017-12-21
Huncho Jack,Travis Scott,"Huncho Jack, Jack Huncho",2017-12-21
Saint,Travis Scott,"Huncho Jack, Jack Huncho",2017-12-21
Go,Travis Scott,"Huncho Jack, Jack Huncho",2017-12-21
Dubai Shit,Travis Scott,"Huncho Jack, Jack Huncho",2017-12-21
Saint Laurent Mask,Travis Scott,"Huncho Jack, Jack Huncho",2017-12-21
Moon Rock,Travis Scott,"Huncho Jack, Jack Huncho",2017-12-21
How U Feel,Travis Scott,"Huncho Jack, Jack Huncho",2017-12-21
Where U From,Travis Scott,"Huncho Jack, Jack Huncho",2017-12-21
Best Man,Travis Scott,"Huncho Jack, Jack Huncho",2017-12-21
From Zero (Intro),Linkin Park,From Zero (Deluxe Edition),2025-05-16
The Emptiness Machine,Linkin Park,From Zero (Deluxe Edition),2025-05-16
Cut the Bridge,Linkin Park,From Zero (Deluxe Edition),2025-05-16
Heavy Is the Crown,Linkin Park,From Zero (Deluxe Edition),2025-05-16
Over Each Other,Linkin Park,From Zero (Deluxe Edition),2025-05-16
Casualty,Linkin Park,From Zero (Deluxe Edition),2025-05-16
Overflow,Linkin Park,From Zero (Deluxe Edition),2025-05-16
Two Faced,Linkin Park,From Zero (Deluxe Edition),2025-05-16
Stained,Linkin Park,From Zero (Deluxe Edition),2025-05-16
IGYEIH,Linkin Park,From Zero (Deluxe Edition),2025-05-16
Good Things Go,Linkin Park,From Zero (Deluxe Edition),2025-05-16
Up From the Bottom,Linkin Park,From Zero (Deluxe Edition),2025-05-16
Unshatter,Linkin Park,From Zero (Deluxe Edition),2025-05-16
Let You Fade,Linkin Park,From Zero (Deluxe Edition),2025-05-16
From Zero (Intro),Linkin Park,From Zero,2024-11-15
The Emptiness Machine,Linkin Park,From Zero,2024-11-15
Cut the Bridge,Linkin Park,From Zero,2024-11-15
Heavy Is the Crown,Linkin Park,From Zero,2024-11-15
Over Each Other,Linkin Park,From Zero,2024-11-15
Casualty,Linkin Park,From Zero,2024-11-15
Overflow,Linkin Park,From Zero,2024-11-15
Two Faced,Linkin Park,From Zero,2024-11-15
Stained,Linkin Park,From Zero,2024-11-15
IGYEIH,Linkin Park,From Zero,2024-11-15
Good Things Go,Linkin Park,From Zero,2024-11-15
From Zero (Intro) - A Cappella,Linkin Park,From Zero: A Cappellas + Instrumentals,2024-11-14
The Emptiness Machine - A Cappella,Linkin Park,From Zero: A Cappellas + Instrumentals,2024-11-14
Cut the Bridge - A Cappella,Linkin Park,From Zero: A Cappellas + Instrumentals,2024-11-14
Heavy Is the Crown - A Cappella,Linkin Park,From Zero: A Cappellas + Instrumentals,2024-11-14
Over Each Other - A Cappella,Linkin Park,From Zero: A Cappellas + Instrumentals,2024-11-14
Casualty - A Cappella,Linkin Park,From Zero: A Cappellas + Instrumentals,2024-11-14
Overflow - A Cappella,Linkin Park,From Zero: A Cappellas + Instrumentals,2024-11-14
Two Faced - A Cappella,Linkin Park,From Zero: A Cappellas + Instrumentals,2024-11-14
Stained - A Cappella,Linkin Park,From Zero: A Cappellas + Instrumentals,2024-11-14
IGYEIH - A Cappella,Linkin Park,From Zero: A Cappellas + Instrumentals,2024-11-14
Good Things Go - A Cappella,Linkin Park,From Zero: A Cappellas + Instrumentals,2024-11-14
The Emptiness Machine - Instrumental,Linkin Park,From Zero: A Cappellas + Instrumentals,2024-11-14
Cut the Bridge - Instrumental,Linkin Park,From Zero: A Cappellas + Instrumentals,2024-11-14
Heavy Is the Crown - Instrumental,Linkin Park,From Zero: A Cappellas + Instrumentals,2024-11-14
Over Each Other - Instrumental,Linkin Park,From Zero: A Cappellas + Instrumentals,2024-11-14
Casualty - Instrumental,Linkin Park,From Zero: A Cappellas + Instrumentals,2024-11-14
Overflow - Instrumental,Linkin Park,From Zero: A Cappellas + Instrumentals,2024-11-14
Two Faced - Instrumental,Linkin Park,From Zero: A Cappellas + Instrumentals,2024-11-14
Stained - Instrumental,Linkin Park,From Zero: A Cappellas + Instrumentals,2024-11-14
IGYEIH - Instrumental,Linkin Park,From Zero: A Cappellas + Instrumentals,2024-11-14
Good Things Go - Instrumental,Linkin Park,From Zero: A Cappellas + Instrumentals,2024-11-14
From Zero (Intro) - A Cappella,Linkin Park,From Zero: A Cappellas,2024-11-14
The Emptiness Machine - A Cappella,Linkin Park,From Zero: A Cappellas,2024-11-14
Cut the Bridge - A Cappella,Linkin Park,From Zero: A Cappellas,2024-11-14
Heavy Is the Crown - A Cappella,Linkin Park,From Zero: A Cappellas,2024-11-14
Over Each Other - A Cappella,Linkin Park,From Zero: A Cappellas,2024-11-14
Casualty - A Cappella,Linkin Park,From Zero: A Cappellas,2024-11-14
Overflow - A Cappella,Linkin Park,From Zero: A Cappellas,2024-11-14
Two Faced - A Cappella,Linkin Park,From Zero: A Cappellas,2024-11-14
Stained - A Cappella,Linkin Park,From Zero: A Cappellas,2024-11-14
IGYEIH - A Cappella,Linkin Park,From Zero: A Cappellas,2024-11-14
Good Things Go - A Cappella,Linkin Park,From Zero: A Cappellas,2024-11-14
Foreword,Linkin Park,Meteora 20th Anniversary Edition,2023-04-07
Don't Stay,Linkin Park,Meteora 20th Anniversary Edition,2023-04-07
Somewhere I Belong,Linkin Park,Meteora 20th Anniversary Edition,2023-04-07
Lying from You,Linkin Park,Meteora 20th Anniversary Edition,2023-04-07
Hit the Floor,Linkin Park,Meteora 20th Anniversary Edition,2023-04-07
Easier to Run,Linkin Park,Meteora 20th Anniversary Edition,2023-04-07
Faint,Linkin Park,Meteora 20th Anniversary Edition,2023-04-07
Figure.09,Linkin Park,Meteora 20th Anniversary Edition,2023-04-07
Breaking the Habit,Linkin Park,Meteora 20th Anniversary Edition,2023-04-07
From the Inside,Linkin Park,Meteora 20th Anniversary Edition,2023-04-07
Nobody's Listening,Linkin Park,Meteora 20th Anniversary Edition,2023-04-07
Session,Linkin Park,Meteora 20th Anniversary Edition,2023-04-07
Numb,Linkin Park,Meteora 20th Anniversary Edition,2023-04-07
Don't Stay - Live In Texas,Linkin Park,Meteora 20th Anniversary Edition,2023-04-07
Somewhere I Belong - Live In Texas,Linkin Park,Meteora 20th Anniversary Edition,2023-04-07
Lying from You - Live In Texas,Linkin Park,Meteora 20th Anniversary Edition,2023-04-07
Papercut - Live In Texas,Linkin Park,Meteora 20th Anniversary Edition,2023-04-07
Points of Authority - Live In Texas,Linkin Park,Meteora 20th Anniversary Edition,2023-04-07
Runaway - Live In Texas,Linkin Park,Meteora 20th Anniversary Edition,2023-04-07
Faint - Live In Texas,Linkin Park,Meteora 20th Anniversary Edition,2023-04-07
From the Inside - Live In Texas,Linkin Park,Meteora 20th Anniversary Edition,2023-04-07
Figure.09 - Live In Texas,Linkin Park,Meteora 20th Anniversary Edition,2023-04-07
With You - Live In Texas,Linkin Park,Meteora 20th Anniversary Edition,2023-04-07
By Myself - Live In Texas,Linkin Park,Meteora 20th Anniversary Edition,2023-04-07
P5hng Me A*wy - Live In Texas,Linkin Park,Meteora 20th Anniversary Edition,2023-04-07
Numb - Live In Texas,Linkin Park,Meteora 20th Anniversary Edition,2023-04-07
Crawling - Live In Texas,Linkin Park,Meteora 20th Anniversary Edition,2023-04-07
In the End - Live In Texas,Linkin Park,Meteora 20th Anniversary Edition,2023-04-07
A Place for My Head - Live In Texas,Linkin Park,Meteora 20th Anniversary Edition,2023-04-07
One Step Closer - Live In Texas,Linkin Park,Meteora 20th Anniversary Edition,2023-04-07
Session - Live In Nottingham 2003,Linkin Park,Meteora 20th Anniversary Edition,2023-04-07
Don't Stay - Live In Nottingham 2003,Linkin Park,Meteora 20th Anniversary Edition,2023-04-07
Somewhere I Belong - Live In Nottingham 2003,Linkin Park,Meteora 20th Anniversary Edition,2023-04-07
Lying from You - Live In Nottingham 2003,Linkin Park,Meteora 20th Anniversary Edition,2023-04-07
Papercut - Live In Nottingham 2003,Linkin Park,Meteora 20th Anniversary Edition,2023-04-07
Points of Authority - Live In Nottingham 2003,Linkin Park,Meteora 20th Anniversary Edition,2023-04-07
Runaway - Live In Nottingham 2003,Linkin Park,Meteora 20th Anniversary Edition,2023-04-07
Faint - Live In Nottingham 2003,Linkin Park,Meteora 20th Anniversary Edition,2023-04-07
From the Inside - Live In Nottingham 2003,Linkin Park,Meteora 20th Anniversary Edition,2023-04-07
Hit the Floor - Live In Nottingham 2003,Linkin Park,Meteora 20th Anniversary Edition,2023-04-07
With You - Live In Nottingham 2003,Linkin Park,Meteora 20th Anniversary Edition,2023-04-07
Crawling - Live In Nottingham 2003,Linkin Park,Meteora 20th Anniversary Edition,2023-04-07
In the End - Live In Nottingham 2003,Linkin Park,Meteora 20th Anniversary Edition,2023-04-07
Easier to Run - Live In Nottingham 2003,Linkin Park,Meteora 20th Anniversary Edition,2023-04-07
A Place for My Head - Live In Nottingham 2003,Linkin Park,Meteora 20th Anniversary Edition,2023-04-07
One Step Closer - Live In Nottingham 2003,Linkin Park,Meteora 20th Anniversary Edition,2023-04-07
A.06,Linkin Park,Meteora 20th Anniversary Edition,2023-04-07
Pretty Birdy - Somewhere I Belong 2002 Demo,Linkin Park,Meteora 20th Anniversary Edition,2023-04-07
Sold My Soul to Yo Mama,Linkin Park,Meteora 20th Anniversary Edition,2023-04-07
Standing in the Middle,Linkin Park,Meteora 20th Anniversary Edition,2023-04-07
ON - Live,BTS,PERMISSION TO DANCE ON STAGE - LIVE,2025-07-18
Burning Up (FIRE) - Live,BTS,PERMISSION TO DANCE ON STAGE - LIVE,2025-07-18
Dope - Live,BTS,PERMISSION TO DANCE ON STAGE - LIVE,2025-07-18
DNA - Live,BTS,PERMISSION TO DANCE ON STAGE - LIVE,2025-07-18
Blue & Grey - Live,BTS,PERMISSION TO DANCE ON STAGE - LIVE,2025-07-18
Black Swan - Live,BTS,PERMISSION TO DANCE ON STAGE - LIVE,2025-07-18
Blood Sweat & Tears - Live,BTS,PERMISSION TO DANCE ON STAGE - LIVE,2025-07-18
FAKE LOVE - Live,BTS,PERMISSION TO DANCE ON STAGE - LIVE,2025-07-18
Life Goes On - Live,BTS,PERMISSION TO DANCE ON STAGE - LIVE,2025-07-18
Boy With Luv (Feat. Halsey) - Live,BTS,PERMISSION TO DANCE ON STAGE - LIVE,2025-07-18
Dynamite - Live,BTS,PERMISSION TO DANCE ON STAGE - LIVE,2025-07-18
Butter - Live,BTS,PERMISSION TO DANCE ON STAGE - LIVE,2025-07-18
Telepathy - Live,BTS,PERMISSION TO DANCE ON STAGE - LIVE,2025-07-18
Outro : Wings - Live,BTS,PERMISSION TO DANCE ON STAGE - LIVE,2025-07-18
Stay - Live,BTS,PERMISSION TO DANCE ON STAGE - LIVE,2025-07-18
So What - Live,BTS,PERMISSION TO DANCE ON STAGE - LIVE,2025-07-18
IDOL - Live,BTS,PERMISSION TO DANCE ON STAGE - LIVE,2025-07-18
Airplane pt.2 - Live,BTS,PERMISSION TO DANCE ON STAGE - LIVE,2025-07-18
Silver Spoon - Live,BTS,PERMISSION TO DANCE ON STAGE - LIVE,2025-07-18
Dis-ease - Live,BTS,PERMISSION TO DANCE ON STAGE - LIVE,2025-07-18
Spring Day - Live,BTS,PERMISSION TO DANCE ON STAGE - LIVE,2025-07-18
Permission to Dance - Live,BTS,PERMISSION TO DANCE ON STAGE - LIVE,2025-07-18
Born Singer,BTS,Proof,2022-06-10
No More Dream,BTS,Proof,2022-06-10
N.O,BTS,Proof,2022-06-10
Boy In Luv,BTS,Proof,2022-06-10
Danger,BTS,Proof,2022-06-10
I NEED U,BTS,Proof,2022-06-10
RUN,BTS,Proof,2022-06-10
Burning Up (FIRE),BTS,Proof,2022-06-10
Blood Sweat & Tears,BTS,Proof,2022-06-10
Spring Day,BTS,Proof,2022-06-10
DNA,BTS,Proof,2022-06-10
FAKE LOVE,BTS,Proof,2022-06-10
IDOL,BTS,Proof,2022-06-10
Boy With Luv (Feat. Halsey),BTS,Proof,2022-06-10
ON,BTS,Proof,2022-06-10
Dynamite,BTS,Proof,2022-06-10
Life Goes On,BTS,Proof,2022-06-10
Butter,BTS,Proof,2022-06-10
Yet To Come,BTS,Proof,2022-06-10
Run BTS,BTS,Proof,2022-06-10
Intro : Persona,BTS,Proof,2022-06-10
Stay,BTS,Proof,2022-06-10
Moon,BTS,Proof,2022-06-10
Jamais Vu,BTS,Proof,2022-06-10
Trivia 轉 : Seesaw,BTS,Proof,2022-06-10
BTS Cypher PT.3 : KILLER (Feat. Supreme Boi),BTS,Proof,2022-06-10
Outro : Ego,BTS,Proof,2022-06-10
Her,BTS,Proof,2022-06-10
Filter,BTS,Proof,2022-06-10
Friends,BTS,Proof,2022-06-10
Singularity,BTS,Proof,2022-06-10
00:00 (Zero O'Clock),BTS,Proof,2022-06-10
Euphoria,BTS,Proof,2022-06-10
Dimple,BTS,Proof,2022-06-10
For Youth,BTS,Proof,2022-06-10
Life Goes On,BTS,BE,2020-11-20
Fly To My Room,BTS,BE,2020-11-20
Blue & Grey,BTS,BE,2020-11-20
Skit,BTS,BE,2020-11-20
Telepathy,BTS,BE,2020-11-20
Dis-ease,BTS,BE,2020-11-20
Stay,BTS,BE,2020-11-20
Dynamite,BTS,BE,2020-11-20
INTRO : Calling,BTS,MAP OF THE SOUL : 7 ~ THE JOURNEY ~,2020-07-14
Stay Gold,BTS,MAP OF THE SOUL : 7 ~ THE JOURNEY ~,2020-07-14
Boy With Luv - Japanese ver.,BTS,MAP OF THE SOUL : 7 ~ THE JOURNEY ~,2020-07-14
Make It Right - Japanese ver.,BTS,MAP OF THE SOUL : 7 ~ THE JOURNEY ~,2020-07-14
Dionysus - Japanese ver.,BTS,MAP OF THE SOUL : 7 ~ THE JOURNEY ~,2020-07-14
IDOL - Japanese ver.,BTS,MAP OF THE SOUL : 7 ~ THE JOURNEY ~,2020-07-14
Airplane pt.2 - Japanese ver.,BTS,MAP OF THE SOUL : 7 ~ THE JOURNEY ~,2020-07-14
FAKE LOVE - Japanese ver.,BTS,MAP OF THE SOUL : 7 ~ THE JOURNEY ~,2020-07-14
Black Swan - Japanese ver.,BTS,MAP OF THE SOUL : 7 ~ THE JOURNEY ~,2020-07-14
ON - Japanese ver.,BTS,MAP OF THE SOUL : 7 ~ THE JOURNEY ~,2020-07-14
Lights,BTS,MAP OF THE SOUL : 7 ~ THE JOURNEY ~,2020-07-14
Your eyes tell,BTS,MAP OF THE SOUL : 7 ~ THE JOURNEY ~,2020-07-14
OUTRO : The Journey,BTS,MAP OF THE SOUL : 7 ~ THE JOURNEY ~,2020-07-14
Intro : Persona,BTS,MAP OF THE SOUL : 7,2020-02-21
Boy With Luv (Feat. Halsey),BTS,MAP OF THE SOUL : 7,2020-02-21
Make It Right,BTS,MAP OF THE SOUL : 7,2020-02-21
Jamais Vu,BTS,MAP OF THE SOUL : 7,2020-02-21
Dionysus,BTS,MAP OF THE SOUL : 7,2020-02-21
Interlude : Shadow,BTS,MAP OF THE SOUL : 7,2020-02-21
Black Swan,BTS,MAP OF THE SOUL : 7,2020-02-21
Filter,BTS,MAP OF THE SOUL : 7,2020-02-21
My Time,BTS,MAP OF THE SOUL : 7,2020-02-21
Louder than bombs,BTS,MAP OF THE SOUL : 7,2020-02-21
ON,BTS,MAP OF THE SOUL : 7,2020-02-21
UGH!,BTS,MAP OF THE SOUL : 7,2020-02-21
00:00 (Zero O’Clock),BTS,MAP OF THE SOUL : 7,2020-02-21
Inner Child,BTS,MAP OF THE SOUL : 7,2020-02-21
Friends,BTS,MAP OF THE SOUL : 7,2020-02-21
Moon,BTS,MAP OF THE SOUL : 7,2020-02-21
Respect,BTS,MAP OF THE SOUL : 7,2020-02-21
We are Bulletproof : the Eternal,BTS,MAP OF THE SOUL : 7,2020-02-21
Outro : Ego,BTS,MAP OF THE SOUL : 7,2020-02-21
ON (Feat. Sia),BTS,MAP OF THE SOUL : 7,2020-02-21
Me Libera,Banda Djavú,Djavú em Ritmo de São João,2025-06-06
Rubi,Banda Djavú,Djavú em Ritmo de São João,2025-06-06
Soca Soca,Banda Djavú,Djavú em Ritmo de São João,2025-06-06
Não Desligue o Telefone,Banda Djavú,Djavú em Ritmo de São João,2025-06-06
Meteoro,Banda Djavú,Djavú em Ritmo de São João,2025-06-06
Atração Pitbull,Banda Djavú,Djavú em Ritmo de São João,2025-06-06
Xote dos Milagres / Xote da Alegria /,Banda Djavú,Djavú em Ritmo de São João,2025-06-06
100 Anos,Banda Djavú,Djavú em Ritmo de São João,2025-06-06
Valeu,Banda Djavú,Djavú em Ritmo de São João,2025-06-06
Colo de Menina,Banda Djavú,Djavú em Ritmo de São João,2025-06-06
Atração Pitbull - Ao Vivo,Banda Djavú,O Retorno [Ao Vivo],2023-12-01
Maciota Light - Ao Vivo,Banda Djavú,O Retorno [Ao Vivo],2023-12-01
Me Libera - Ao Vivo,Banda Djavú,O Retorno [Ao Vivo],2023-12-01
Não Desligue o Telefone - Ao Vivo,Banda Djavú,O Retorno [Ao Vivo],2023-12-01
Nave do Amor - Ao Vivo,Banda Djavú,O Retorno [Ao Vivo],2023-12-01
Rubi - Ao Vivo,Banda Djavú,O Retorno [Ao Vivo],2023-12-01
"Soca, Soca - Ao Vivo",Banda Djavú,O Retorno [Ao Vivo],2023-12-01
Toma Toma - Ao Vivo,Banda Djavú,O Retorno [Ao Vivo],2023-12-01
Tornado - Ao Vivo,Banda Djavú,O Retorno [Ao Vivo],2023-12-01
Rubi,Banda Djavú,O Retorno,2023-11-29
Me Libera,Banda Djavú,O Retorno,2023-11-29
Maciota Light,Banda Djavú,O Retorno,2023-11-29
Nave do Amor,Banda Djavú,O Retorno,2023-11-29
Atração Pitbull,Banda Djavú,O Retorno,2023-11-29
Não Desligue o Telefone,Banda Djavú,O Retorno,2023-11-29
Meteoro,Banda Djavú,O Retorno,2023-11-29
Larga do Meu Pé,Banda Djavú,O Retorno,2023-11-29
Lábios Divididos,Banda Djavú,O Retorno,2023-11-29
Te Quero Amor,Banda Djavú,O Retorno,2023-11-29
Tudo Entre Nós,Banda Djavú,O Retorno,2023-11-29
Cala Boca e Beija Logo,Banda Djavú,O Retorno,2023-11-29
Escute o Meu Coração,Banda Djavú,O Retorno,2023-11-29
Oh Meu Amor,Banda Djavú,O Retorno,2023-11-29
Tornado,Banda Djavú,O Retorno,2023-11-29
Mais Mais,Banda Djavú,O Retorno,2023-11-29
Salada Mista,Banda Djavú,O Retorno,2023-11-29
"Soca, Soca",Banda Djavú,O Retorno,2023-11-29
Toma Toma,Banda Djavú,O Retorno,2023-11-29
Dança da Calcinha,Banda Djavú,O Retorno,2023-11-29
Dance Comigo o Pancadão,Banda Djavú,O Retorno,2023-11-29
Não Vai Me Esquecer,Banda Djavú,16 Anos de Sucesso!,2023-11-22
Assina Aí,Banda Djavú,16 Anos de Sucesso!,2023-11-22
Sua Vaqueira,Banda Djavú,16 Anos de Sucesso!,2023-11-22
Lábios Divididos/ Como a Lua e Sol/Diga Sim pra Mim,Banda Djavú,16 Anos de Sucesso!,2023-11-22
Rubi,Banda Djavú,16 Anos de Sucesso!,2023-11-22
Menina Safadinha,Banda Djavú,16 Anos de Sucesso!,2023-11-22
Bum Bum no Chão,Banda Djavú,16 Anos de Sucesso!,2023-11-22
Não Desligue o Telefone,Banda Djavú,16 Anos de Sucesso!,2023-11-22
Mebley Djavu Begra,Banda Djavú,16 Anos de Sucesso!,2023-11-22
Me Libera,Banda Djavú,16 Anos de Sucesso!,2023-11-22
Tornado,Banda Djavú,16 Anos de Sucesso!,2023-11-22
Trenzinho da Loucura,Banda Djavú,16 Anos de Sucesso!,2023-11-22
Soca Soca,Banda Djavú,16 Anos de Sucesso!,2023-11-22
Meteoro,Banda Djavú,16 Anos de Sucesso!,2023-11-22
Toma Toma,Banda Djavú,16 Anos de Sucesso!,2023-11-22
Maciota Light,Banda Djavú,16 Anos de Sucesso!,2023-11-22
Vou pra Folia Djavú,Banda Djavú,16 Anos de Sucesso!,2023-11-22
Em Plena Lua de Mel,Banda Djavú,Só Brega Tributo à Reginaldo Rossi,2023-11-16
Amor Amor Amor,Banda Djavú,Só Brega Tributo à Reginaldo Rossi,2023-11-16
As Quatro Estações,Banda Djavú,Só Brega Tributo à Reginaldo Rossi,2023-11-16
Deixa de Banca,Banda Djavú,Só Brega Tributo à Reginaldo Rossi,2023-11-16
Eu Tô Doidão,Banda Djavú,Só Brega Tributo à Reginaldo Rossi,2023-11-16
Garçom,Banda Djavú,Só Brega Tributo à Reginaldo Rossi,2023-11-16
Leviana,Banda Djavú,Só Brega Tributo à Reginaldo Rossi,2023-11-16
"Mon Amour, Meu Bem, Ma Femme",Banda Djavú,Só Brega Tributo à Reginaldo Rossi,2023-11-16
Pedaço de Mau Caminho,Banda Djavú,Só Brega Tributo à Reginaldo Rossi,2023-11-16
Sai de Mim,Banda Djavú,Só Brega Tributo à Reginaldo Rossi,2023-11-16
Vidro Fumê,Banda Djavú,Só Brega Tributo à Reginaldo Rossi,2023-11-16
Out Of Style,Limp Bizkit,STILL SUCKS,2021-10-31
Dirty Rotten Bizkit,Limp Bizkit,STILL SUCKS,2021-10-31
Dad Vibes,Limp Bizkit,STILL SUCKS,2021-10-31
"Turn It Up, Bitch",Limp Bizkit,STILL SUCKS,2021-10-31
Don't Change,Limp Bizkit,STILL SUCKS,2021-10-31
You Bring Out The Worst In Me,Limp Bizkit,STILL SUCKS,2021-10-31
Love The Hate,Limp Bizkit,STILL SUCKS,2021-10-31
Barnacle,Limp Bizkit,STILL SUCKS,2021-10-31
Empty Hole,Limp Bizkit,STILL SUCKS,2021-10-31
Pill Popper,Limp Bizkit,STILL SUCKS,2021-10-31
Snacky Poo,Limp Bizkit,STILL SUCKS,2021-10-31
Goodbye,Limp Bizkit,STILL SUCKS,2021-10-31
Introbra,Limp Bizkit,Gold Cobra (Deluxe),2011-01-01
Bring It Back,Limp Bizkit,Gold Cobra (Deluxe),2011-01-01
Gold Cobra,Limp Bizkit,Gold Cobra (Deluxe),2011-01-01
Shark Attack,Limp Bizkit,Gold Cobra (Deluxe),2011-01-01
Get A Life,Limp Bizkit,Gold Cobra (Deluxe),2011-01-01
Shotgun,Limp Bizkit,Gold Cobra (Deluxe),2011-01-01
Douche Bag,Limp Bizkit,Gold Cobra (Deluxe),2011-01-01
Walking Away,Limp Bizkit,Gold Cobra (Deluxe),2011-01-01
Loser,Limp Bizkit,Gold Cobra (Deluxe),2011-01-01
Autotunage,Limp Bizkit,Gold Cobra (Deluxe),2011-01-01
90.2.10,Limp Bizkit,Gold Cobra (Deluxe),2011-01-01
Why Try,Limp Bizkit,Gold Cobra (Deluxe),2011-01-01
Killer In You,Limp Bizkit,Gold Cobra (Deluxe),2011-01-01
Back Porch,Limp Bizkit,Gold Cobra (Deluxe),2011-01-01
My Own Cobain,Limp Bizkit,Gold Cobra (Deluxe),2011-01-01
Angels,Limp Bizkit,Gold Cobra (Deluxe),2011-01-01
The Propaganda,Limp Bizkit,The Unquestionable Truth (Pt. 1),2005-05-03
The Truth,Limp Bizkit,The Unquestionable Truth (Pt. 1),2005-05-03
The Priest,Limp Bizkit,The Unquestionable Truth (Pt. 1),2005-05-03
The Key,Limp Bizkit,The Unquestionable Truth (Pt. 1),2005-05-03
The Channel,Limp Bizkit,The Unquestionable Truth (Pt. 1),2005-05-03
The Story,Limp Bizkit,The Unquestionable Truth (Pt. 1),2005-05-03
The Surrender,Limp Bizkit,The Unquestionable Truth (Pt. 1),2005-05-03
Re-Entry,Limp Bizkit,Results May Vary,2003-01-01
Eat You Alive,Limp Bizkit,Results May Vary,2003-01-01
Gimme The Mic,Limp Bizkit,Results May Vary,2003-01-01
Underneath The Gun,Limp Bizkit,Results May Vary,2003-01-01
Down Another Day,Limp Bizkit,Results May Vary,2003-01-01
Almost Over,Limp Bizkit,Results May Vary,2003-01-01
Build A Bridge,Limp Bizkit,Results May Vary,2003-01-01
Red Light - Green Light,Limp Bizkit,Results May Vary,2003-01-01
Take It Home,Limp Bizkit,Results May Vary,2003-01-01
The Only One,Limp Bizkit,Results May Vary,2003-01-01
Let Me Down,Limp Bizkit,Results May Vary,2003-01-01
Lonely World,Limp Bizkit,Results May Vary,2003-01-01
Phenomenon,Limp Bizkit,Results May Vary,2003-01-01
Creamer (Radio Is Dead),Limp Bizkit,Results May Vary,2003-01-01
Head For The Barricade,Limp Bizkit,Results May Vary,2003-01-01
Behind Blue Eyes,Limp Bizkit,Results May Vary,2003-01-01
All That Easy,Limp Bizkit,Results May Vary,2003-01-01
Drown,Limp Bizkit,Results May Vary,2003-01-01
Nookie- For The Nookie,Limp Bizkit,New Old Songs,2001-01-01
Take A Look Around,Limp Bizkit,New Old Songs,2001-01-01
Break Stuff - Lethal - Explicit Version,Limp Bizkit,New Old Songs,2001-01-01
My Way - P Diddy Remix ( Explicit),Limp Bizkit,New Old Songs,2001-01-01
Crushed,Limp Bizkit,New Old Songs,2001-01-01
N 2gether Now- All In Together Now,Limp Bizkit,New Old Songs,2001-01-01
Rearranged - Timbaland Remix (Explicit),Limp Bizkit,New Old Songs,2001-01-01
Getcha Groove On - Dirt Road Mix,Limp Bizkit,New Old Songs,2001-01-01
Faith/Fame Remix,Limp Bizkit,New Old Songs,2001-01-01
My Way - Remixed By DJ Lethal,Limp Bizkit,New Old Songs,2001-01-01
Nookie - Androids Vs. Las Putas Remix (Album Version),Limp Bizkit,New Old Songs,2001-01-01
Counterfeit - Lethal Dose Extreme Guitar Mix (Album Version),Limp Bizkit,New Old Songs,2001-01-01
Rollin' - DJ Monk-Vs-The Track Mack Remix (Explicit Version),Limp Bizkit,New Old Songs,2001-01-01
My Way - DJ Premier Way Remix - Expicit,Limp Bizkit,New Old Songs,2001-01-01
My Way - William Orbit's Mix - Explicit,Limp Bizkit,New Old Songs,2001-01-01
My Way - Pistols' Dancehall Dub (Album Version),Limp Bizkit,New Old Songs,2001-01-01
